<toolSet name="External Tools">
  <tool name="Code Formatter" description="Does isort, autoflake, " showInMainMenu="false" showInEditor="false" showInProject="false" showInSearchPopup="false" disabled="false" useConsole="true" showConsoleOnStdOut="false" showConsoleOnStdErr="false" synchronizeAfterRun="true">
    <exec>
      <option name="COMMAND" value="$USER_HOME$/privatealpha/software/datalake/format.sh" />
      <option name="PARAMETERS" value="--format &quot;$FilePath$&quot;" />
      <option name="WORKING_DIRECTORY" value="$USER_HOME$/privatealpha/software/datalake" />
    </exec>
  </tool>
  <tool name="Code Linter" description="Lint checks for the provided file against isort, autoflake, black and flake8" showInMainMenu="false" showInEditor="false" showInProject="false" showInSearchPopup="false" disabled="false" useConsole="true" showConsoleOnStdOut="false" showConsoleOnStdErr="false" synchronizeAfterRun="true">
    <exec>
      <option name="COMMAND" value="$USER_HOME$/privatealpha/software/datalake/format.sh" />
      <option name="PARAMETERS" value="--lint &quot;$FilePath$&quot;" />
      <option name="WORKING_DIRECTORY" value="$USER_HOME$/privatealpha/software/datalake" />
    </exec>
  </tool>
</toolSet>