<keymap version="1" name="GNOME Proper Redo" parent="Default for GNOME">
  <action id="$Redo">
    <keyboard-shortcut first-keystroke="shift ctrl z" />
    <keyboard-shortcut first-keystroke="shift alt back_space" />
    <keyboard-shortcut first-keystroke="ctrl y" />
  </action>
  <action id="ActivateDatabaseToolWindow">
    <keyboard-shortcut first-keystroke="ctrl f9" />
  </action>
  <action id="ActivatePythonConsoleToolWindow">
    <keyboard-shortcut first-keystroke="ctrl l" />
  </action>
  <action id="ActivateSciViewToolWindow">
    <keyboard-shortcut first-keystroke="ctrl f10" />
  </action>
  <action id="ChangesView.ShelveSilently" />
  <action id="CollapseAll">
    <keyboard-shortcut first-keystroke="ctrl subtract" />
    <keyboard-shortcut first-keystroke="shift ctrl o" />
  </action>
  <action id="CollapseAllRegions" />
  <action id="CollapseExpandableComponent">
    <keyboard-shortcut first-keystroke="shift enter" />
    <keyboard-shortcut first-keystroke="ctrl subtract" />
  </action>
  <action id="CollapseRegion">
    <keyboard-shortcut first-keystroke="shift ctrl k" />
  </action>
  <action id="CollapseRegionRecursively" />
  <action id="CommentByBlockComment">
    <keyboard-shortcut first-keystroke="ctrl slash" />
  </action>
  <action id="CommentByLineComment">
    <keyboard-shortcut first-keystroke="ctrl minus" />
    <keyboard-shortcut first-keystroke="ctrl slash" />
  </action>
  <action id="Console.Jdbc.Execute">
    <keyboard-shortcut first-keystroke="ctrl enter" />
    <keyboard-shortcut first-keystroke="f5" />
  </action>
  <action id="Console.TableResult.CompareCells" />
  <action id="Console.TableResult.Reload">
    <keyboard-shortcut first-keystroke="ctrl f5" />
    <keyboard-shortcut first-keystroke="f5" />
  </action>
  <action id="DebugClass">
    <keyboard-shortcut first-keystroke="shift ctrl d" />
  </action>
  <action id="Diff.ShowDiff">
    <keyboard-shortcut first-keystroke="shift ctrl comma" />
  </action>
  <action id="Diff.ShowSettingsPopup" />
  <action id="Editor SelectAll">
    <keyboard-shortcut first-keystroke="ctrl a" />
  </action>
  <action id="EditorDeleteLine" />
  <action id="ExpandAll">
    <keyboard-shortcut first-keystroke="ctrl add" />
    <keyboard-shortcut first-keystroke="ctrl equals" />
    <keyboard-shortcut first-keystroke="ctrl o" />
  </action>
  <action id="ExternalSystem.CollapseAll">
    <keyboard-shortcut first-keystroke="ctrl subtract" />
  </action>
  <action id="FileChooser.NewFile">
    <keyboard-shortcut first-keystroke="shift ctrl insert" />
  </action>
  <action id="FindPrevious">
    <keyboard-shortcut first-keystroke="shift f3" />
  </action>
  <action id="GotoTest" />
  <action id="GotoUrlAction" />
  <action id="Images.Editor.ZoomOut">
    <keyboard-shortcut first-keystroke="ctrl subtract" />
  </action>
  <action id="MaximizeEditorInSplit">
    <keyboard-shortcut first-keystroke="shift ctrl back_slash" />
  </action>
  <action id="MethodHierarchy" />
  <action id="MethodHierarchy.BaseOnThisMethod" />
  <action id="MoveEditorToOppositeTabGroup">
    <keyboard-shortcut first-keystroke="shift ctrl w" />
  </action>
  <action id="NextSplitter">
    <keyboard-shortcut first-keystroke="shift alt comma" />
  </action>
  <action id="NextTab">
    <keyboard-shortcut first-keystroke="alt l" />
    <keyboard-shortcut first-keystroke="alt right" />
  </action>
  <action id="OpenEditorInOppositeTabGroup">
    <keyboard-shortcut first-keystroke="shift ctrl o" />
  </action>
  <action id="PasteMultiple">
    <keyboard-shortcut first-keystroke="shift ctrl v" />
  </action>
  <action id="PrevSplitter">
    <keyboard-shortcut first-keystroke="shift alt period" />
  </action>
  <action id="PreviousTab">
    <keyboard-shortcut first-keystroke="alt left" />
    <keyboard-shortcut first-keystroke="alt h" />
  </action>
  <action id="ReformatCode" />
  <action id="ReopenClosedTab">
    <keyboard-shortcut first-keystroke="shift ctrl t" />
  </action>
  <action id="ServiceView.ShowServices" />
  <action id="StretchSplitToLeft">
    <keyboard-shortcut first-keystroke="shift ctrl h" />
  </action>
  <action id="StretchSplitToRight">
    <keyboard-shortcut first-keystroke="shift ctrl l" />
  </action>
  <action id="Tool_External Tools_Code Formatter">
    <keyboard-shortcut first-keystroke="ctrl alt l" />
  </action>
  <action id="Tree-selectNext">
    <keyboard-shortcut first-keystroke="down" />
    <keyboard-shortcut first-keystroke="j" />
  </action>
  <action id="Tree-selectParentNoCollapse">
    <keyboard-shortcut first-keystroke="h" />
  </action>
  <action id="Tree-selectPrevious">
    <keyboard-shortcut first-keystroke="up" />
    <keyboard-shortcut first-keystroke="k" />
  </action>
  <action id="Uml.ShowDiff" />
  <action id="UpdateRunningApplication" />
  <action id="Vcs.Push" />
  <action id="com.jetbrains.python.console.RunPythonOrDebugConsoleAction">
    <keyboard-shortcut first-keystroke="ctrl l" />
  </action>
</keymap>