<profile version="1.0">
  <option name="myName" value="Default" />
  <inspection_tool class="DuplicatedCode" enabled="true" level="WEAK WARNING" enabled_by_default="true">
    <Languages>
      <language minSize="225" name="Python" />
    </Languages>
  </inspection_tool>
  <inspection_tool class="PyPep8Inspection" enabled="true" level="ERROR" enabled_by_default="true">
    <option name="ignoredErrors">
      <list>
        <option value="E712" />
      </list>
    </option>
  </inspection_tool>
  <inspection_tool class="PyPep8NamingInspection" enabled="true" level="ERROR" enabled_by_default="true">
    <option name="ignoredErrors">
      <list>
        <option value="N803" />
        <option value="N806" />
      </list>
    </option>
  </inspection_tool>
  <inspection_tool class="PyProtocolInspection" enabled="true" level="ERROR" enabled_by_default="true" />
  <inspection_tool class="PyShadowingBuiltinsInspection" enabled="true" level="WEAK WARNING" enabled_by_default="true">
    <option name="ignoredNames">
      <list>
        <option value="type" />
      </list>
    </option>
  </inspection_tool>
  <inspection_tool class="PyTypeCheckerInspection" enabled="false" level="WARNING" enabled_by_default="false" />
  <inspection_tool class="PyUnresolvedReferencesInspection" enabled="true" level="WARNING" enabled_by_default="true">
    <option name="ignoredIdentifiers">
      <list>
        <option value="bool.all" />
        <option value="dash_renderjson" />
      </list>
    </option>
  </inspection_tool>
</profile>