<application>
  <component name="GraziConfig">
    <option name="suppressingContext">
      <SuppressingContext>
        <option name="suppressed">
          <set>
            <option value="forward looking" />
            <option value="of desired values of|The key should be an attribute of `orm` and the value a list of desired values of that attribute." />
            <option value="top a." />
            <option value="eta information" />
          </set>
        </option>
      </SuppressingContext>
    </option>
  </component>
</application>